<?xml version="1.0" encoding="UTF-8"?>
<project-private xmlns="http://www.netbeans.org/ns/project-private/1">
    <editor-bookmarks xmlns="http://www.netbeans.org/ns/editor-bookmarks/2" lastBookmarkId="0"/>
    <open-files xmlns="http://www.netbeans.org/ns/projectui-open-files/2">
        <group>
            <file>file:/Users/salcines/NetBeansProjects/JavaBasico/src/javabasico/ClaseBase.java</file>
            <file>file:/Users/salcines/NetBeansProjects/JavaBasico/src/otropaquete/Variables.java</file>
            <file>file:/Users/salcines/NetBeansProjects/JavaBasico/src/javabasico/Encapsulacion.java</file>
            <file>file:/Users/salcines/NetBeansProjects/JavaBasico/src/javabasico/EjemploInterfaceAbstract.java</file>
            <file>file:/Users/salcines/NetBeansProjects/JavaBasico/src/javabasico/Array.java</file>
            <file>file:/Users/salcines/NetBeansProjects/JavaBasico/src/javabasico/MiClaseBase.java</file>
            <file>file:/Users/salcines/NetBeansProjects/JavaBasico/src/javabasico/Cadenas.java</file>
        </group>
    </open-files>
</project-private>
